,City,Lat,Lng,Max Temp,Humidity,Cloudiness,Wind Speed,Country,Date
0,Portland,45.5234,-122.6762,57.61,82,96,4.0,US,1651362828
1,Ushuaia,-54.8,-68.3,38.86,70,20,4.61,AR,1651363063
2,Araruama,-22.8728,-42.3431,71.8,92,99,5.73,BR,1651363064
3,Airai,-8.9266,125.4092,69.26,62,69,4.23,TL,1651363065
4,Dingli,35.8614,14.3822,59.81,67,0,9.22,MT,1651363065
5,Cape Town,-33.9258,18.4232,60.91,84,0,8.99,ZA,1651362927
6,Narsaq,60.9167,-46.05,40.64,72,37,0.36,GL,1651363066
7,Lata,40.1629,-8.3327,51.55,88,0,1.59,PT,1651363067
8,Punta Arenas,-53.15,-70.9167,41.11,80,89,7.31,CL,1651363068
9,Neuquén,-38.9516,-68.0591,53.49,43,0,3.44,AR,1651362908
10,Pevek,69.7008,170.3133,10.49,90,95,6.35,RU,1651363069
11,Ponta Delgada,37.7333,-25.6667,63.5,72,20,2.3,PT,1651362842
12,Pathein,16.7833,94.7333,80.1,82,20,4.63,MM,1651363070
13,Andenes,69.3143,16.1194,30.18,86,100,6.91,NO,1651363071
14,Qaanaaq,77.484,-69.3632,8.92,79,59,5.32,GL,1651363071
15,Port Alfred,-33.5906,26.891,59.16,83,6,12.91,ZA,1651363072
16,Mogadishu,2.0371,45.3438,82.13,77,100,9.55,SO,1651363073
17,Gold Coast,-28.0,153.4333,73.0,87,75,11.5,AU,1651362861
18,Janakpur Dham,26.7183,85.9065,75.27,67,58,9.82,NP,1651363073
19,Nekā,36.6508,53.299,60.85,97,100,3.78,IR,1651363074
20,Marsh Harbour,26.5412,-77.0636,72.7,81,100,22.24,BS,1651363075
21,Albany,42.6001,-73.9662,45.84,66,67,5.12,US,1651362863
22,Alofi,-19.0595,-169.9187,76.89,94,95,4.61,NU,1651363077
23,Barrow,71.2906,-156.7887,29.14,89,74,4.03,US,1651363077
24,Mataura,-46.1927,168.8643,56.48,72,100,2.44,NZ,1651363078
25,Porto Seguro,-16.4497,-39.0647,75.72,88,40,4.61,BR,1651363078
26,Sisimiut,66.9395,-53.6735,18.86,70,10,6.35,GL,1651363079
27,Ribeira Grande,38.5167,-28.7,62.06,85,41,5.41,PT,1651363080
28,Honningsvåg,70.9821,25.9704,28.15,86,20,8.05,NO,1651363080
29,Jacareacanga,-6.2222,-57.7528,74.7,92,99,2.46,BR,1651363081
30,São João da Barra,-21.6403,-41.0511,74.14,84,34,3.13,BR,1651363082
31,Lakatoro,-16.0999,167.4164,78.22,82,100,6.44,VU,1651363082
32,Mar del Plata,-38.0023,-57.5575,50.88,71,0,5.01,AR,1651363083
33,Hilo,19.7297,-155.09,80.28,88,100,4.0,US,1651363084
34,Chui,-33.6971,-53.4616,54.75,74,100,5.12,UY,1651363084
35,Bethel,41.3712,-73.414,58.77,59,28,1.86,US,1651363085
36,Avarua,-21.2078,-159.775,84.25,74,20,10.36,CK,1651363085
37,Hermanus,-34.4187,19.2345,57.69,85,37,5.32,ZA,1651363086
38,Tasiilaq,65.6145,-37.6368,32.16,64,33,3.38,GL,1651363087
39,Yar-Sale,66.8333,70.8333,15.57,92,46,9.51,RU,1651363087
40,Hohhot,40.8106,111.6522,41.29,36,0,4.47,CN,1651362998
41,Sātkhira,22.7167,89.1,79.75,85,6,9.33,BD,1651363088
42,New Norfolk,-42.7826,147.0587,61.66,64,94,3.0,AU,1651363089
43,Castro,-24.7911,-50.0119,59.36,98,53,5.14,BR,1651363090
44,Busselton,-33.65,115.3333,57.36,81,0,4.79,AU,1651363090
45,Vila Franca do Campo,37.7167,-25.4333,63.19,87,20,2.39,PT,1651363091
46,Rocha,-34.4833,-54.3333,53.98,74,98,4.9,UY,1651363092
47,Mehamn,71.0357,27.8492,29.23,65,99,17.27,NO,1651363092
48,Rikitea,-23.1203,-134.9692,76.57,73,73,10.49,PF,1651363093
49,Berbera,10.4396,45.0143,83.73,81,81,4.36,SO,1651363094
50,Saldanha,-33.0117,17.9442,53.65,89,9,11.16,ZA,1651363094
51,Kapaa,22.0752,-159.319,82.38,79,100,4.0,US,1651362971
52,Kaka,37.3482,59.6143,65.28,62,86,17.6,TM,1651363095
53,Arraial do Cabo,-22.9661,-42.0278,73.72,87,92,10.85,BR,1651363096
54,Souillac,-20.5167,57.5167,77.38,83,40,6.91,MU,1651363096
55,Arlit,18.7369,7.3853,89.58,8,100,7.36,NE,1651363097
56,Hobart,-42.8794,147.3294,61.27,58,75,16.11,AU,1651362803
57,Dikson,73.5069,80.5464,16.36,94,100,15.95,RU,1651362951
58,Alice Springs,-23.7,133.8833,62.15,63,100,9.22,AU,1651363098
59,Yellowknife,62.456,-114.3525,34.32,60,0,8.05,CA,1651362863
60,The Valley,18.217,-63.0578,78.66,94,20,5.75,AI,1651363099
61,Santa Fe,-31.6333,-60.7,58.01,79,78,1.01,AR,1651363100
62,Butaritari,3.0707,172.7902,80.96,81,70,13.29,KI,1651363101
63,Usinsk,65.9939,57.5281,18.75,95,97,7.7,RU,1651363101
64,Tshane,-24.0196,21.8684,60.03,33,0,7.99,BW,1651363102
65,Vaini,-21.2,-175.2,80.76,89,75,10.36,TO,1651363102
66,Hithadhoo,-0.6,73.0833,85.06,68,100,14.2,MV,1651363103
67,Fermoy,52.1358,-8.2758,50.72,91,100,3.51,IE,1651363104
68,Sibolga,1.7427,98.7792,77.38,86,98,3.36,ID,1651363105
69,Ancud,-41.8697,-73.8203,50.5,89,100,6.04,CL,1651363105
70,Yangi Marg`ilon,40.4272,71.7189,65.12,63,17,6.91,UZ,1651363106
71,Saint-Philippe,-21.3585,55.7679,74.79,78,15,8.14,RE,1651363106
72,Tiksi,71.6872,128.8694,33.49,95,100,10.31,RU,1651363107
73,Beyneu,45.3167,55.2,63.95,71,50,8.52,KZ,1651363108
74,Namatanai,-3.6667,152.4333,85.1,65,90,1.9,PG,1651363108
75,Lüderitz,-26.6481,15.1594,61.79,44,0,11.07,NA,1651363109
76,Slave Lake,55.2834,-114.769,46.38,71,100,12.66,CA,1651362946
77,Bambous Virieux,-20.3428,57.7575,77.25,83,40,6.91,MU,1651363110
78,Lebu,-37.6167,-73.65,50.23,79,2,13.56,CL,1651362847
79,Cabo San Lucas,22.8909,-109.9124,85.6,56,66,12.57,MX,1651362998
80,Leningradskiy,69.3833,178.4167,15.82,82,46,3.87,RU,1651363111
81,Thompson,55.7435,-97.8558,39.36,60,100,11.5,CA,1651362860
82,Ocampo,21.65,-101.5,78.26,11,47,9.31,MX,1651363112
83,Nukus,42.4531,59.6103,62.58,82,20,2.3,UZ,1651363113
84,Sinnamary,5.3833,-52.95,78.28,84,59,10.38,GF,1651363114
85,George Town,5.4112,100.3354,82.33,93,20,2.3,MY,1651362968
86,Bluff,-46.6,168.3333,56.8,93,100,10.49,NZ,1651362954
87,Faanui,-16.4833,-151.75,81.1,72,15,13.6,PF,1651363115
88,Salym,60.0625,71.4789,30.16,76,7,4.14,RU,1651363116
89,Banjar,-8.19,114.9675,82.54,77,100,3.31,ID,1651363116
90,Jamestown,42.097,-79.2353,60.44,25,0,8.05,US,1651362929
91,Tataouine,32.9297,10.4518,58.23,84,0,22.17,TN,1651363117
92,Port Keats,-14.25,129.55,85.5,52,17,10.13,AU,1651363118
93,Port Lincoln,-34.7333,135.8667,63.12,71,10,9.93,AU,1651363119
94,Jieshi,22.8134,115.8257,68.95,91,100,16.06,CN,1651363119
95,Kruisfontein,-34.0033,24.7314,53.89,77,16,6.91,ZA,1651363120
96,Khatanga,71.9667,102.5,9.81,96,95,10.04,RU,1651363121
97,Bukachacha,52.9833,116.9167,42.17,54,99,1.79,RU,1651363122
98,Omboué,-1.5746,9.2618,77.92,92,97,5.91,GA,1651363122
99,Patrocínio,-18.9439,-46.9925,70.45,52,82,5.64,BR,1651362942
100,Tessalit,20.1986,1.0114,79.09,13,0,9.44,ML,1651363123
101,Torbay,47.6666,-52.7314,43.75,96,100,8.05,CA,1651362863
102,Havre-St-Pierre,50.2334,-63.5986,37.76,75,100,18.41,CA,1651363124
103,Norman Wells,65.282,-126.8329,48.24,46,0,13.8,CA,1651362941
104,Port Elizabeth,-33.918,25.5701,61.09,72,0,10.36,ZA,1651363126
105,Guerrero Negro,27.9769,-114.0611,65.07,67,70,17.96,MX,1651363126
106,Saskylakh,71.9167,114.0833,9.0,89,100,15.97,RU,1651363127
107,Marzuq,14.4,46.4667,74.43,56,30,3.38,YE,1651363127
108,Campina Verde,-19.5356,-49.4864,77.13,38,82,0.6,BR,1651363128
109,Mitsamiouli,-11.3847,43.2844,77.67,89,52,11.5,KM,1651362942
110,Kyren,51.6828,102.1408,53.6,47,75,2.33,RU,1651363129
111,Saint Paul Harbor,57.79,-152.4072,38.3,98,100,23.17,US,1651363130
112,Cayenne,4.9333,-52.3333,82.09,12,20,4.0,GF,1651363060
113,Laksar,29.7667,78.05,81.19,26,75,7.31,IN,1651363131
114,Carnarvon,-24.8667,113.6333,62.67,59,0,5.75,AU,1651363132
115,Baykit,61.67,96.37,32.31,79,98,5.19,RU,1651363132
116,Izumo,35.3667,132.7667,57.15,82,75,5.75,JP,1651363133
117,Labuhan,-6.8844,112.2051,81.21,85,100,10.29,ID,1651363134
118,Moose Factory,51.2585,-80.6094,42.8,48,0,13.8,CA,1651363134
119,Nanortalik,60.1432,-45.2371,35.98,90,99,6.22,GL,1651363135
120,Mahébourg,-20.4081,57.7,77.29,83,40,6.91,MU,1651363135
121,Sampit,-2.5333,112.95,76.64,93,85,1.41,ID,1651363136
122,Lubao,14.9167,120.55,87.51,65,77,5.19,PH,1651363137
123,Hofn,64.2539,-15.2082,48.27,58,15,6.82,IS,1651363138
124,Bredasdorp,-34.5322,20.0403,54.63,90,25,5.08,ZA,1651362864
125,Suntar,62.1444,117.6319,39.78,91,98,6.15,RU,1651363139
126,Birao,10.2849,22.7882,79.27,58,63,5.26,CF,1651363140
127,San Quintín,30.4833,-115.95,64.78,68,87,12.41,MX,1651363066
128,Klyuchi,52.2667,79.1667,56.41,42,85,3.06,RU,1651363122
129,Mount Isa,-20.7333,139.5,78.57,53,35,10.36,AU,1651363141
130,Xinmin,41.9908,122.8253,55.08,23,95,9.8,CN,1651363141
131,Laas,46.6166,10.7002,42.69,96,99,3.02,IT,1651363142
132,Departamento de Maldonado,-34.6667,-54.9167,53.22,74,94,2.01,UY,1651363143
133,Bosaso,11.2842,49.1816,84.49,67,52,0.74,SO,1651363143
134,Tuktoyaktuk,69.4541,-133.0374,35.6,75,40,9.22,CA,1651363144
135,Husavik,66.0449,-17.3389,45.64,75,96,8.86,IS,1651362943
136,Igarka,67.4667,86.5833,18.95,94,100,13.27,RU,1651363145
137,Benoy,8.9833,16.3199,85.75,47,85,6.73,TD,1651363145
138,Cherskiy,68.75,161.3,22.66,79,92,9.95,RU,1651363146
139,Puerto Ayora,-0.7393,-90.3518,73.02,87,63,6.35,EC,1651363147
140,Ust-Kuyga,70.0167,135.6,26.26,81,62,9.86,RU,1651363075
141,Morondava,-20.2833,44.2833,71.15,78,0,9.17,MG,1651363148
142,Palmer,42.1584,-72.3287,45.52,65,81,3.15,US,1651363148
143,Taoudenni,22.6783,-3.9836,78.89,21,0,15.52,ML,1651363149
144,Tautira,-17.7333,-149.15,79.84,74,34,11.83,PF,1651363150
145,Tigzirt,36.8886,4.1198,55.24,81,0,7.47,DZ,1651363150
146,Bandarbeyla,9.4942,50.8122,82.83,77,66,2.24,SO,1651363151
147,Bilibino,68.0546,166.4372,17.06,73,37,1.77,RU,1651363151
148,Uzhur,55.3036,89.8339,55.31,54,100,3.18,RU,1651363152
149,Ostrovnoy,68.0531,39.5131,14.94,92,96,9.89,RU,1651363153
150,Khudumelapye,-23.8833,24.75,62.35,54,18,4.83,BW,1651363153
151,Zatoka,46.0725,30.4654,51.24,74,9,8.77,UA,1651363154
152,Sistranda,63.7256,8.834,42.76,79,90,14.9,NO,1651362911
153,Nikolskoye,59.7035,30.7861,37.8,81,96,6.49,RU,1651363155
154,Ponta do Sol,32.6667,-17.1,65.03,68,0,3.13,PT,1651363155
155,Clyde River,70.4692,-68.5914,17.83,86,100,3.44,CA,1651363157
156,Mount Gambier,-37.8333,140.7667,58.91,94,75,10.36,AU,1651363157
157,Honiara,-9.4333,159.95,85.35,69,91,2.24,SB,1651362995
158,Dingle,10.9995,122.6711,81.61,78,100,8.01,PH,1651363158
159,Enns,48.2141,14.4778,52.11,82,100,6.04,AT,1651363159
160,Port-Gentil,-0.7193,8.7815,76.96,94,20,3.44,GA,1651363159
161,Talā,30.6803,30.9429,60.58,83,36,6.67,EG,1651363160
162,Krasnoyarskiy,51.965,59.8967,44.85,92,100,10.65,RU,1651363161
163,Provideniya,64.3833,-173.3,32.34,87,100,15.28,RU,1651363161
164,Gabú,12.2833,-14.2167,79.48,56,23,9.26,GW,1651363162
165,Acajutla,13.5928,-89.8275,83.5,68,100,5.06,SV,1651363163
166,Colares,38.7992,-9.4469,64.76,49,25,13.0,PT,1651362926
167,Jerome,42.7241,-114.5186,49.68,79,100,4.14,US,1651363164
168,Maïné Soroa,13.2114,12.0241,85.98,36,96,8.01,NE,1651363164
169,Huarmey,-10.0681,-78.1522,67.23,87,78,9.24,PE,1651363165
170,Pemangkat,1.1667,108.9667,80.38,81,97,4.9,ID,1651363166
171,Yulara,-25.2406,130.9889,58.84,72,100,8.05,AU,1651363166
172,Gorom-Gorom,14.4439,-0.2361,88.23,30,44,9.66,BF,1651363167
173,Novozavidovskiy,56.55,36.4333,30.9,75,60,4.88,RU,1651363167
174,Kahului,20.8947,-156.47,77.97,83,100,7.0,US,1651363038
175,Mabaruma,8.2,-59.7833,75.42,81,96,4.85,GY,1651363168
176,Quevedo,-1.0333,-79.45,77.07,82,76,3.49,EC,1651363169
177,Atuona,-9.8,-139.0333,79.05,76,8,11.43,PF,1651363170
178,Lompoc,34.6391,-120.4579,79.79,63,0,10.0,US,1651363125
179,Aswān,24.0934,32.907,83.26,15,10,12.39,EG,1651363171
180,Cockburn Town,21.4612,-71.1419,76.96,65,40,14.97,TC,1651362994
181,Margate,51.3813,1.3862,45.7,83,100,1.01,GB,1651363138
182,Deception Bay,-27.2,153.0333,74.08,73,100,9.69,AU,1651363172
183,Upernavik,72.7868,-56.1549,6.39,79,30,5.57,GL,1651363172
184,Hong Kong,22.2855,114.1577,73.33,91,100,18.01,HK,1651363028
185,Xai-Xai,-25.0519,33.6442,72.81,75,75,17.87,MZ,1651363173
186,Mossamedes,-15.1961,12.1522,74.88,82,29,6.26,AO,1651363174
187,Verkhniy Baskunchak,48.2256,46.7217,50.32,66,55,8.41,RU,1651363175
188,Khovd,48.0056,91.6419,50.22,26,99,7.02,MN,1651363175
189,Lagoa,39.05,-27.9833,60.62,87,0,8.86,PT,1651363146
190,Makkah al Mukarramah,21.4267,39.8261,84.72,53,0,1.14,SA,1651363176
191,Anadyr,64.75,177.4833,32.5,64,40,20.13,RU,1651363177
192,Kaitangata,-46.2817,169.8464,58.78,71,100,2.75,NZ,1651363178
193,Kajaani,64.2273,27.7285,26.65,100,68,1.14,FI,1651363178
194,Pisco,-13.7,-76.2167,66.25,77,0,20.71,PE,1651363179
195,Tselinnoye,53.0833,85.6667,55.54,56,66,7.43,RU,1651363180
196,Santa Isabel,-23.3156,-46.2214,69.1,99,100,2.13,BR,1651363150
197,Yenotayevka,47.2456,47.0281,53.15,49,25,8.05,RU,1651363182
198,Barletta,41.3118,16.2908,56.8,54,1,7.05,IT,1651363061
199,Piaçabuçu,-10.4056,-36.4344,75.97,81,98,7.63,BR,1651363183
200,Saint George,37.1041,-113.5841,87.26,11,84,5.99,US,1651363184
201,Behshahr,36.6923,53.5526,61.68,97,100,4.59,IR,1651363184
202,Hasaki,35.7333,140.8333,59.4,66,100,17.78,JP,1651363185
203,Rio Grande,-32.035,-52.0986,57.94,78,55,7.92,BR,1651363186
204,Hokitika,-42.7167,170.9667,60.12,81,100,5.41,NZ,1651363187
205,Bandundu Province,-3.3167,17.3667,72.61,88,70,2.28,CD,1651363187
206,Valle de Allende,26.9333,-105.4,84.29,6,53,4.21,MX,1651363188
207,Port Maria,18.3685,-76.8895,82.36,88,73,9.1,JM,1651363189
208,Nieves,15.3274,120.9485,87.31,58,82,3.96,PH,1651363189
209,Krivosheino,57.3431,83.9261,36.05,78,99,11.05,RU,1651363190
210,Sept-Îles,50.2001,-66.3821,40.05,72,100,13.8,CA,1651363074
211,Tsimmerbude,54.675,20.1347,50.05,70,100,4.41,RU,1651363191
212,Bethanien,-26.502,17.1583,53.74,28,0,0.47,NA,1651363192
213,Meadow Lake,34.8014,-106.5436,78.62,7,15,7.56,US,1651363192
214,Pyapon,16.2833,95.6833,82.62,74,54,5.64,MM,1651363193
215,Pontes e Lacerda,-15.2261,-59.3353,74.93,78,67,3.78,BR,1651362927
216,Fortuna,40.5982,-124.1573,58.93,66,100,12.66,US,1651363194
217,Kuchinda,21.7333,84.35,75.81,76,28,5.93,IN,1651363195
218,Mnogovershinnyy,53.9353,139.9242,28.81,91,99,2.55,RU,1651363195
219,Turan,16.0678,108.2208,80.58,89,75,1.14,VN,1651363196
220,Madison,34.7334,-86.5667,76.42,65,75,7.0,US,1651362951
221,Thinadhoo,0.5333,72.9333,86.05,67,83,14.92,MV,1651363197
222,Mogzon,51.7435,111.9606,46.11,76,68,4.0,RU,1651363197
223,Buala,-8.145,159.5921,84.94,67,100,1.34,SB,1651363198
224,Abu Samrah,35.3029,37.1841,62.19,79,22,8.34,SY,1651363199
225,Briançon,44.9,6.65,42.35,91,26,3.69,FR,1651363200
226,Saint-Jovite,46.1186,-74.5966,43.0,74,69,4.88,CA,1651363165
227,Bodden Town,19.2833,-81.25,82.0,72,15,7.0,KY,1651363201
228,Kidal,18.4411,1.4078,85.66,10,82,13.02,ML,1651363051
229,Fukuechō,32.6881,128.8419,59.54,65,100,16.87,JP,1651363202
230,Labytnangi,66.6572,66.4183,5.52,95,29,5.48,RU,1651363205
231,Srednekolymsk,67.45,153.6833,27.66,82,51,5.3,RU,1651363206
232,Mayo,38.8876,-76.5119,62.76,45,0,6.91,US,1651363207
233,Yaan,7.3833,8.5667,80.69,71,100,6.98,NG,1651363208
234,Abaza,52.655,90.0928,52.41,49,13,4.85,RU,1651363210
235,Bassila,9.0081,1.6654,76.26,76,95,5.5,BJ,1651363211
236,Sarangani,5.4033,125.4636,80.8,79,99,5.26,PH,1651363212
237,Kempsey,-31.0833,152.8333,68.95,73,16,3.0,AU,1651363212
238,Escanaba,45.7453,-87.0646,46.71,81,100,1.99,US,1651363207
239,Randolph,35.7001,-79.8164,64.45,73,0,4.61,US,1651363213
240,Hof,50.3167,11.9167,49.48,82,100,10.0,DE,1651363214
241,Overland Park,38.9822,-94.6708,58.95,61,81,4.0,US,1651363019
242,Quatre Cocos,-20.2078,57.7625,74.08,83,40,9.84,MU,1651363215
243,Necochea,-38.5473,-58.7368,48.87,56,15,9.37,AR,1651363216
244,Mitú,1.1983,-70.1733,71.56,98,77,2.28,CO,1651363207
245,Vanimo,-2.6741,141.3028,84.63,67,99,1.28,PG,1651363217
246,Belyy Yar,53.6039,91.3903,44.49,61,0,4.47,RU,1651363218
247,San Cristobal,7.7669,-72.225,66.29,98,99,5.55,VE,1651363218
248,Avera,33.194,-82.5271,77.05,57,17,7.72,US,1651363063
249,Bo Phloi,14.3236,99.5161,85.32,68,99,1.32,TH,1651363220
250,Port Blair,11.6667,92.75,82.31,73,85,3.85,IN,1651363220
251,Taltal,-25.4,-70.4833,61.7,80,24,3.4,CL,1651363220
252,Klaksvík,62.2266,-6.589,45.52,85,50,5.88,FO,1651363221
253,La Asuncion,11.0333,-63.8628,83.93,74,80,20.71,VE,1651363222
254,Innisfail,-17.5333,146.0333,76.05,87,59,11.32,AU,1651363171
255,Juegang,32.3174,121.1855,60.98,68,99,5.1,CN,1651363224
256,Cochrane,51.1834,-114.4687,55.9,32,99,13.51,CA,1651363224
257,Tomigusuku,26.185,127.675,71.37,78,75,12.66,JP,1651363225
258,Moba,33.2288,105.0179,43.74,53,100,4.18,CN,1651363226
259,Nantucket,41.2835,-70.0995,47.01,77,9,3.89,US,1651363150
260,Luanda,-8.8368,13.2343,78.8,78,40,8.05,AO,1651363054
261,Vilhena,-12.7406,-60.1458,71.02,73,85,2.53,BR,1651363228
262,Gal'bshtadt,53.2264,78.9845,54.45,67,80,9.64,RU,1651363229
263,Port Macquarie,-31.4333,152.9167,68.9,66,4,9.89,AU,1651362998
264,Khāsh,28.2211,61.2158,71.38,34,91,6.26,IR,1651363230
265,Paamiut,61.994,-49.6678,33.03,95,88,12.91,GL,1651363230
266,Vitim,59.4511,112.5578,40.32,99,100,6.11,RU,1651362952
267,Alto Araguaia,-17.3147,-53.2153,75.16,47,44,2.42,BR,1651363231
268,Hambantota,6.1241,81.1185,80.69,85,100,13.51,LK,1651363232
269,Loíza,18.4313,-65.8802,76.44,95,100,5.03,PR,1651363233
270,Brumadinho,-20.1433,-44.1997,66.29,78,86,3.22,BR,1651363233
271,Kostomuksha,64.571,30.5767,20.41,94,59,2.95,RU,1651363234
272,Kirakira,-10.4544,161.9205,84.9,69,100,4.63,SB,1651363235
273,Curuguaty,-24.4694,-55.6945,70.14,95,31,4.56,PY,1651363235
274,Fare,-16.7,-151.0167,81.21,72,6,12.41,PF,1651363236
275,Trelew,-43.249,-65.3051,48.33,60,28,14.85,AR,1651363237
276,Coahuayana Viejo,18.7333,-103.6833,81.95,47,72,5.5,MX,1651363237
277,Ushtobe,45.2514,77.9838,64.44,30,91,5.99,KZ,1651363238
278,Saint-Joseph,-21.3667,55.6167,73.78,77,19,5.17,RE,1651363239
279,Caravelas,-17.7125,-39.2481,75.04,79,2,4.79,BR,1651363239
280,Pyinmana,19.7333,96.2167,76.15,74,12,1.7,MM,1651363240
281,Waitati,-45.75,170.5667,62.8,55,88,7.65,NZ,1651363241
282,Khandyga,62.6667,135.6,35.85,75,36,3.49,RU,1651363006
283,‘Āhuimanu,21.4447,-157.8378,80.2,73,99,7.0,US,1651363241
284,Samarai,-10.6167,150.6667,82.4,71,62,6.6,PG,1651363242
285,Bengkulu,-3.8004,102.2655,74.91,93,95,5.17,ID,1651363243
286,Ilulissat,69.2167,-51.1,21.22,45,5,6.91,GL,1651363243
287,Kavieng,-2.5744,150.7967,84.36,67,88,2.39,PG,1651363244
288,Rawson,-43.3002,-65.1023,49.46,61,31,19.08,AR,1651363148
289,Touros,-5.1989,-35.4608,80.24,75,20,15.68,BR,1651363245
290,Betong,5.7743,101.0723,73.63,98,95,1.01,TH,1651363246
291,Vardø,70.3705,31.1107,28.47,76,94,18.86,NO,1651363246
292,Kresttsy,58.2452,32.5165,30.92,77,97,4.32,RU,1651363247
293,Longyearbyen,78.2186,15.6401,10.24,61,0,4.61,SJ,1651363248
294,Mukhen,48.1,136.1,39.27,85,100,1.81,RU,1651363248
295,Keflavik,64.0049,-22.5624,43.23,87,100,12.66,IS,1651363249
296,Makat,47.6469,53.3463,52.25,85,23,20.04,KZ,1651363250
297,Mezen',65.8522,44.24,17.44,97,68,3.29,RU,1651363250
298,Phenix City,32.471,-85.0008,81.18,71,40,8.05,US,1651363204
299,Esso,55.9333,158.7,32.63,79,5,3.15,RU,1651363251
300,Río Gallegos,-51.6226,-69.2181,39.25,65,0,0.0,AR,1651362990
301,Sitka,57.0531,-135.33,51.19,52,93,1.5,US,1651363253
302,Alpena,45.0617,-83.4327,50.25,54,100,4.0,US,1651363253
303,Toruń,53.0137,18.5981,48.49,62,98,4.7,PL,1651363254
304,Richards Bay,-28.783,32.0377,64.15,83,5,9.75,ZA,1651363255
305,Altay,47.8667,88.1167,52.21,32,96,8.86,CN,1651363255
306,Naviraí,-23.065,-54.1906,72.05,74,49,3.98,BR,1651363256
307,Asău,46.4333,26.4,44.96,94,71,2.73,RO,1651363257
308,Lydenburg,-25.0978,30.4597,50.76,91,27,4.29,ZA,1651363257
309,Chara,56.9064,118.2631,37.62,73,85,5.17,RU,1651363258
310,Lake Havasu City,34.4839,-114.3224,98.06,3,0,9.22,US,1651363207
311,Cap Malheureux,-19.9842,57.6142,74.46,83,17,4.0,MU,1651363259
312,Baraki Barak,33.9675,68.9486,65.19,32,18,1.61,AF,1651363260
313,Chokurdakh,70.6333,147.9167,20.41,90,54,9.1,RU,1651363256
314,Pangnirtung,66.1451,-65.7125,24.94,95,100,3.87,CA,1651363261
315,Katobu,-4.9408,122.5276,81.79,77,88,3.29,ID,1651363262
316,Penalva,-3.2942,-45.1736,74.25,96,100,3.22,BR,1651363262
317,Krasnosel'kup,65.7,82.4667,24.39,96,100,18.59,RU,1651363263
318,Burhaniye,39.5004,26.9727,56.64,79,86,11.05,TR,1651363264
319,Kyabé,9.4515,18.9449,86.18,42,95,5.08,TD,1651363264
320,Aljezur,37.3191,-8.8033,58.93,86,28,6.76,PT,1651363265
321,Mosty u Jablunkova,49.5274,18.7542,50.25,84,93,1.99,CZ,1651363266
322,Adré,13.4667,22.2,81.72,16,60,6.4,TD,1651363267
323,Shimoda,34.6667,138.95,58.1,70,100,9.19,JP,1651363267
324,Camacha,33.0833,-16.3333,60.22,82,40,14.97,PT,1651363268
325,Along,28.1667,94.7667,66.83,84,88,0.92,IN,1651363269
326,Barra Patuca,15.8,-84.2833,80.28,73,21,13.73,HN,1651363270
327,Rørvik,64.8621,11.2373,40.86,88,75,14.72,NO,1651363060
328,San Patricio,28.017,-97.5169,84.18,65,41,16.37,US,1651363271
329,Tokur,53.1333,132.9,31.87,65,100,3.8,RU,1651363271
330,East London,-33.0153,27.9116,61.05,71,3,11.86,ZA,1651363272
331,Shimanovsk,52.0,127.7,42.42,39,100,10.56,RU,1651363273
332,Alugan,12.2188,125.4808,82.94,71,70,9.15,PH,1651363274
333,Tual,-5.6667,132.75,84.2,71,68,15.7,ID,1651363274
334,Santiago del Estero,-27.7951,-64.2615,56.66,64,37,5.55,AR,1651363275
335,Biloela,-24.4167,150.5,79.12,48,57,12.41,AU,1651363211
336,Estevan,49.1334,-102.9842,57.54,50,98,16.82,CA,1651363276
337,Ahipara,-35.1667,173.1667,68.94,62,7,7.54,NZ,1651363277
338,Antofagasta,-23.65,-70.4,61.59,84,45,4.85,CL,1651363277
339,Maniitsoq,65.4167,-52.9,22.17,74,1,11.63,GL,1651363278
340,Outlook,51.5001,-107.0513,62.24,29,21,10.6,CA,1651363279
341,Faya,18.3851,42.4509,64.08,50,50,8.61,SA,1651363280
342,Praia,14.9215,-23.5087,71.37,80,50,11.54,CV,1651363281
343,Heiligenhafen,54.3667,10.9833,43.23,84,28,9.82,DE,1651363281
344,Lorengau,-2.0226,147.2712,84.4,69,100,2.06,PG,1651363282
345,Severo-Kuril'sk,50.6789,156.125,36.07,92,86,9.64,RU,1651363283
346,Ishim,56.1128,69.4902,37.0,68,100,8.99,RU,1651363283
347,Oistins,13.0667,-59.5333,78.69,74,81,13.73,BB,1651363284
348,Evanston,42.0411,-87.6901,69.12,89,75,13.8,US,1651363246
349,Te Anau,-45.4167,167.7167,55.45,94,100,5.75,NZ,1651363285
350,Cradock,-32.1642,25.6192,51.24,62,1,1.59,ZA,1651363286
351,Monte Carmelo,-18.7247,-47.4986,68.86,52,60,3.33,BR,1651363286
352,Macomer,40.262,8.7699,46.0,76,35,1.36,IT,1651363287
353,Vila Velha,-20.3297,-40.2925,78.75,91,75,3.44,BR,1651363141
354,Russell,32.3502,-85.1999,71.96,74,98,4.47,US,1651363247
355,Balezino,57.9796,53.0106,34.57,91,85,8.01,RU,1651363288
356,Skjervøy,70.0311,20.9714,32.0,79,100,16.44,NO,1651363289
357,Cidreira,-30.1811,-50.2056,65.35,80,100,7.96,BR,1651363290
358,Novobirilyussy,56.9514,90.6661,45.91,89,100,7.4,RU,1651363291
359,Kosonsoy,41.2561,71.5508,66.76,44,20,6.89,UZ,1651363291
360,Maceió,-9.6658,-35.7353,78.31,72,99,8.46,BR,1651363212
361,Rassvet,46.8333,40.75,46.24,87,94,4.92,RU,1651363293
362,Kenora,49.8167,-94.4337,41.77,93,100,11.01,CA,1651363248
363,Qandala,11.472,49.8728,85.19,72,28,0.16,SO,1651363293
364,Santa Marta,11.2408,-74.199,89.65,70,75,10.36,CO,1651363132
365,Goundam,16.4145,-3.6708,87.21,11,82,7.11,ML,1651363294
366,Prince Rupert,54.3161,-130.3201,54.52,54,62,4.36,CA,1651363295
367,Kudahuvadhoo,2.6708,72.8944,85.96,68,91,16.62,MV,1651363052
368,Jinxiang,27.4327,120.6062,59.04,91,100,7.36,CN,1651363226
369,Tabuk,17.4189,121.4443,81.55,72,65,5.12,PH,1651363296
370,Kiruna,67.8557,20.2251,23.92,68,100,3.44,SE,1651363297
371,Ust-Maya,60.4167,134.5333,37.26,72,52,3.53,RU,1651363298
372,Turukhansk,65.8167,87.9833,15.22,93,80,8.5,RU,1651363298
373,Iqaluit,63.7506,-68.5145,23.7,79,90,5.99,CA,1651363299
374,Havelock,34.8791,-76.9013,69.01,80,96,3.29,US,1651363204
375,Ayan,56.45,138.1667,33.57,90,100,7.52,RU,1651363036
376,Itarema,-2.9248,-39.9167,77.5,88,33,7.78,BR,1651363300
377,Haimen,23.1935,116.6142,68.56,91,100,19.77,CN,1651363301
378,Bhuj,23.2667,69.6667,81.18,78,0,15.75,IN,1651363138
379,Broome,42.2506,-75.833,50.77,80,8,4.52,US,1651363302
380,Morant Bay,17.8815,-76.4093,78.71,81,20,9.82,JM,1651363302
381,Yuli,9.6989,10.2744,82.89,56,100,6.71,NG,1651363176
382,Sayhāt,26.4852,50.0405,78.33,50,0,4.83,SA,1651363303
383,Odoyev,53.9393,36.6864,33.35,63,11,1.61,RU,1651363304
384,Esperance,-33.8667,121.9,60.48,62,0,6.4,AU,1651363304
385,Mugur-Aksy,50.35,90.5,45.19,28,100,4.65,RU,1651363305
386,Egvekinot,66.3167,-179.1667,17.51,77,100,10.63,RU,1651363306
387,Orange Cove,36.6244,-119.3137,84.6,22,0,8.43,US,1651363307
388,Rayachoti,14.05,78.75,84.97,58,53,7.29,IN,1651363307
389,Nome,64.5011,-165.4064,49.15,56,98,9.75,US,1651363308
390,Brae,60.3964,-1.353,44.55,81,90,10.67,GB,1651363309
391,West Bay,19.3667,-81.4167,81.07,80,12,1.99,KY,1651363309
392,Semīrom,31.4167,51.5667,46.29,82,32,2.13,IR,1651363310
393,Buraidah,26.326,43.975,78.78,38,2,9.31,SA,1651363311
394,Nālūt,30.3333,10.85,68.5,23,96,3.94,LY,1651363311
395,San Juan,-31.5375,-68.5364,59.38,39,0,5.77,AR,1651363249
396,Novovasylivka,46.8315,35.7536,50.04,59,87,8.97,UA,1651363312
397,Tingi,-11.3,35.0333,59.95,94,22,1.01,TZ,1651363313
398,Korla,41.7597,86.1469,56.55,28,4,5.77,CN,1651363314
399,Verkhnevilyuysk,63.4453,120.3167,38.26,88,100,7.58,RU,1651363314
400,Mahrīz,31.5917,54.4318,60.37,65,31,2.08,IR,1651363315
401,Chicama,-7.8447,-79.1469,69.08,79,49,7.56,PE,1651363316
402,Chandigarh,30.7343,76.7933,83.12,20,52,4.32,IN,1651363317
403,Tobermory,45.2501,-81.6665,42.98,68,100,10.38,CA,1651363318
404,Coolum Beach,-26.5333,153.1,72.34,91,83,1.01,AU,1651363318
405,Tocopilla,-22.092,-70.1979,65.1,76,35,8.75,CL,1651363231
406,Mendeleyevsk,55.9082,52.2905,36.64,91,92,8.52,RU,1651363319
407,Hamilton,39.1834,-84.5333,71.31,73,100,5.01,US,1651363069
408,Bucerías,20.75,-105.3333,79.99,73,99,6.82,MX,1651363320
409,Ordubad,38.9059,46.0234,58.44,78,71,5.61,AZ,1651363321
410,Chumikan,54.7183,135.315,33.3,92,100,1.95,RU,1651363321
411,Östersund,63.1792,14.6357,34.61,86,17,9.22,SE,1651363322
412,Kondinskoye,59.6481,67.41,31.03,66,11,6.35,RU,1651363323
413,Xuchang,34.0167,113.8167,60.17,56,95,9.98,CN,1651363324
414,Rabaul,-4.1967,152.1721,82.45,71,94,1.79,PG,1651363324
415,Marathon,44.9,-89.7668,45.64,91,100,20.71,US,1651363074
416,Yumen,40.2833,97.2,49.64,25,0,3.09,CN,1651363216
417,Half Moon Bay,37.4636,-122.4286,70.54,71,40,24.16,US,1651363325
418,Flin Flon,54.7682,-101.865,44.91,93,100,6.04,CA,1651363326
419,Makakilo City,21.3469,-158.0858,79.02,72,100,18.25,US,1651363297
420,Numan,9.4667,12.0333,83.48,56,100,3.31,NG,1651363327
421,Tazmalt,36.3868,4.3989,50.9,78,0,3.47,DZ,1651363328
422,Berlevåg,70.8578,29.0864,24.6,62,98,21.05,NO,1651363329
423,Gimli,50.6336,-96.9907,37.27,98,100,18.61,CA,1651363329
424,Fairbanks,64.8378,-147.7164,57.09,28,18,1.99,US,1651363109
425,Turtas,58.9417,69.1325,30.31,68,3,4.34,RU,1651363330
426,Maţāy,28.419,30.7792,69.08,52,0,8.68,EG,1651363331
427,Butte,39.6499,-121.5677,80.91,30,36,4.63,US,1651363332
428,Bahía Honda,22.9036,-83.1592,77.23,66,4,12.66,CU,1651363332
429,Rajapalaiyam,9.45,77.5667,81.55,72,24,4.94,IN,1651363333
430,Marawi,7.9986,124.2928,74.19,84,35,2.08,PH,1651363093
431,Tilichiki,60.4667,166.1,29.5,85,33,8.3,RU,1651363334
432,Wick,58.4333,-3.0833,46.45,93,100,9.22,GB,1651363335
433,Kondopoga,62.2057,34.2614,33.03,96,100,4.79,RU,1651363336
434,Motril,36.7507,-3.5179,63.27,60,6,5.55,ES,1651363336
435,Birjand,32.8663,59.2211,67.05,48,85,3.56,IR,1651363337
436,Petatlán,17.5167,-101.2667,82.54,52,41,5.99,MX,1651363338
437,Lora del Río,37.659,-5.5275,66.0,70,28,4.21,ES,1651363338
438,Itacoatiara,-3.1431,-58.4442,75.58,94,42,2.33,BR,1651363339
439,Kozhva,65.1073,57.0459,21.13,94,39,4.16,RU,1651363339
440,Puerto Baquerizo Moreno,-0.9,-89.6,72.59,87,38,8.66,EC,1651363340
441,Iralaya,15.0,-83.2333,79.72,77,37,9.71,HN,1651363341
442,Belogorsk,50.9158,128.4611,44.65,43,98,7.94,RU,1651363341
443,Totness,5.8833,-56.3167,78.8,80,56,12.03,SR,1651363342
444,Makeni,8.8833,-12.05,77.59,86,82,2.01,SL,1651363343
445,Gambissara,13.2382,-14.3108,83.41,40,90,11.65,SN,1651363343
446,Iquique,-20.2208,-70.1431,64.33,81,21,4.41,CL,1651363344
447,Kalmunai,7.4167,81.8167,80.01,84,52,3.74,LK,1651363345
448,Benguela,-12.5763,13.4055,77.67,84,98,2.89,AO,1651363232
449,Mardin,37.3131,40.7436,55.8,82,100,7.58,TR,1651363346
450,Três Lagoas,-20.7511,-51.6783,78.75,46,72,3.67,BR,1651363346
451,San Pedro de Urabá,8.2752,-76.3764,76.8,91,95,4.83,CO,1651363347
452,Touho,-20.7833,165.2333,77.27,78,52,15.14,NC,1651363347
453,Nishifukuma,33.7667,130.4667,64.29,61,95,2.33,JP,1651363348
454,Alghero,40.5589,8.3181,53.69,100,0,2.3,IT,1651363255
455,Harper,4.375,-7.7169,80.56,81,99,6.51,LR,1651363349
456,Kiryat Gat,31.61,34.7642,65.8,100,33,10.13,IL,1651363200
457,Punta Alta,-38.8759,-62.0736,52.52,57,30,8.84,AR,1651363230
458,Katsuura,35.1333,140.3,60.26,73,100,16.2,JP,1651363350
459,Tura,25.5198,90.2201,67.51,92,86,2.24,IN,1651363351
460,Chino Valley,34.7575,-112.4538,82.42,8,52,5.01,US,1651363206
461,Waingapu,-9.6567,120.2641,82.0,79,70,8.77,ID,1651363352
462,Makubetsu,45.3714,141.8211,47.91,76,75,5.75,JP,1651363352
463,Pacific Grove,36.6177,-121.9166,72.82,82,75,14.0,US,1651363269
464,Oranjemund,-28.55,16.4333,54.07,87,0,9.08,NA,1651363091
465,Oriximiná,-1.7656,-55.8661,75.27,93,64,2.91,BR,1651363354
466,Reconquista,-29.15,-59.65,55.96,75,97,6.04,AR,1651363355
467,La Rioja,42.25,-2.5,46.18,78,99,4.29,ES,1651363355
468,Olinda,-8.0089,-34.8553,78.87,72,100,11.54,BR,1651363356
469,Emilio Carranza,19.9711,-96.6114,81.88,81,37,9.35,MX,1651363357
470,Pirovskoye,57.6267,92.2658,40.14,91,100,7.61,RU,1651363357
471,Lavrentiya,65.5833,-171.0,28.67,80,99,12.41,RU,1651363358
472,Izazi,-7.2,35.7333,68.52,78,35,2.46,TZ,1651363359
473,La Macarena,2.1837,-73.7849,70.29,98,100,2.73,CO,1651363359
474,Tahoua,14.8888,5.2692,88.72,13,90,6.49,NE,1651363360
475,Porto-Novo,6.4965,2.6036,80.42,81,50,6.17,BJ,1651363105
476,Chu,43.5983,73.7614,61.18,63,2,7.38,KZ,1651363361
477,Codrington,-38.2667,141.9667,62.58,72,92,14.79,AU,1651363362
478,Ketchikan,55.3422,-131.6461,56.48,42,49,2.19,US,1651363362
479,Saint-Pierre,-21.3393,55.4781,74.88,80,0,6.91,RE,1651363343
480,Newport,51.5877,-2.9984,52.45,73,100,7.25,GB,1651363363
481,Garissa,-0.4536,39.6401,78.3,79,84,17.34,KE,1651363364
482,Fort Nelson,58.8053,-122.7002,41.72,88,89,6.98,CA,1651363246
483,Salihorsk,52.7876,27.5415,39.63,62,34,3.06,BY,1651363365
484,Goderich,43.7501,-81.7165,48.2,59,100,13.49,CA,1651363231
485,Port Augusta,-32.5,137.7667,63.66,53,0,5.57,AU,1651363366
486,Haines Junction,60.7522,-137.5108,40.39,79,83,5.19,CA,1651363367
487,Kloulklubed,7.0419,134.2556,83.17,74,81,11.27,PW,1651363367
488,Mariel,22.9875,-82.7536,80.26,63,2,17.13,CU,1651363368
489,Am Timan,11.0297,20.2827,88.77,30,77,4.38,TD,1651363369
490,Gallup,35.5281,-108.7426,73.24,9,0,8.05,US,1651363369
491,Hirara,24.8,125.2833,74.41,87,100,23.31,JP,1651363370
492,Port Hedland,-20.3167,118.5667,75.25,57,75,8.05,AU,1651363371
493,Kota Kinabalu,5.9749,116.0724,76.98,78,20,4.61,MY,1651363371
494,Flinders,-34.5833,150.8552,66.06,63,0,7.0,AU,1651363372
495,Kabompo,-13.5927,24.2008,56.61,79,8,4.65,ZM,1651363373
496,Kavaratti,10.5669,72.642,84.65,74,32,11.99,IN,1651363373
497,Ust-Nera,64.5667,143.2,32.97,89,95,7.07,RU,1651363100
498,Ugoofaaru,5.6667,73.0,84.88,73,92,11.74,MV,1651363374
499,Grindavik,63.8424,-22.4338,43.27,87,100,12.66,IS,1651363375
500,Kyakhta,50.3508,106.4494,54.5,44,75,2.46,RU,1651363375
501,Karoi,-16.8099,29.6925,55.06,54,0,4.07,ZW,1651363376
502,Vinh,18.6667,105.6667,75.24,94,100,3.2,VN,1651363284
503,Presidente Médici,-11.1753,-61.9014,75.78,84,96,2.89,BR,1651363377
504,Pombas,17.1503,-25.0201,68.34,79,11,12.28,CV,1651363378
505,Keetmanshoop,-26.5833,18.1333,58.55,20,0,11.61,NA,1651363378
506,Tawao,4.2498,117.8871,79.92,87,91,3.83,MY,1651363364
507,Bonfim,3.0833,-59.95,80.01,69,62,3.58,BR,1651363379
508,Freeport,40.6576,-73.5832,60.78,51,0,14.97,US,1651363380
509,Ondangwa,-17.9167,15.95,72.84,36,30,6.31,NA,1651363380
510,Alta Gracia,-31.6529,-64.4283,53.89,54,0,3.27,AR,1651363382
511,Brigantine,39.4101,-74.3646,54.05,72,0,11.5,US,1651363383
512,Xunchang,28.4543,104.715,52.86,92,100,4.43,CN,1651363383
513,Belokurikha,51.9959,84.9896,58.03,49,90,7.49,RU,1651363384
514,Rodolfo Sánchez Taboada,31.7167,-116.5667,67.1,74,16,3.0,MX,1651363385
515,Henties Bay,-22.116,14.2845,57.58,87,0,5.35,NA,1651363386
516,Cadillac,44.2519,-85.4012,52.79,46,100,14.97,US,1651363386
517,Levice,48.2156,18.6071,57.49,67,64,5.46,SK,1651363387
518,Mwense,-10.3845,28.698,68.9,70,96,3.85,ZM,1651363388
519,Estelle,29.8458,-90.1067,84.2,59,0,11.99,US,1651363389
520,Geraldton,-28.7667,114.6,59.41,67,0,11.5,AU,1651363389
521,Corner Brook,48.9667,-57.9484,41.16,99,100,1.95,CA,1651363390
522,Grand Gaube,-20.0064,57.6608,74.37,83,21,4.0,MU,1651363391
523,Burgeo,47.6167,-57.6152,41.92,92,100,6.82,CA,1651363392
524,Hobyo,5.3505,48.5268,84.02,73,58,10.0,SO,1651363392
525,Koygorodok,60.445,50.9968,22.55,96,78,3.89,RU,1651363393
526,Taraz,42.9,71.3667,61.21,67,75,8.95,KZ,1651363394
527,Chābua,27.4825,95.1736,67.95,100,40,0.0,IN,1651363395
528,Rosario,-32.9468,-60.6393,54.1,65,43,2.73,AR,1651363396
529,Chibuto,-24.6867,33.5306,71.02,74,48,14.14,MZ,1651363396
530,Saint-François,46.4154,3.9054,42.67,93,59,3.44,FR,1651363397
531,Talnakh,69.4865,88.3972,20.21,94,100,12.37,RU,1651363108
532,Chernyshevskiy,63.0128,112.4714,24.96,76,63,6.64,RU,1651363398
533,Leshukonskoye,64.8989,45.7622,18.81,96,50,3.47,RU,1651363398
534,Lębork,54.5392,17.7501,48.92,70,100,5.3,PL,1651363399
535,Lensk,60.7253,114.9278,35.85,100,100,1.72,RU,1651363400
536,Kuytun,54.3419,101.5036,52.77,64,60,6.8,RU,1651363400
537,Aras,42.5617,-2.356,50.41,71,0,5.75,ES,1651363401
538,Moerai,-22.4333,-151.3333,78.3,67,47,8.19,PF,1651363402
539,Naze,28.3667,129.4833,63.3,73,100,14.9,JP,1651363402
540,Nadym,65.5333,72.5167,23.74,97,100,7.74,RU,1651363403
541,Nioki,-2.7167,17.6833,71.29,90,34,1.14,CD,1651363404
542,Brownsville,25.9018,-97.4975,83.08,78,75,12.66,US,1651363206
